image_id	image_path	level	mode	image_idx	node_id	label	prompt_text	path_labels	clip_cosine
000034.jpg	D:\O.D.I.L\data\image\sampled_400_images-20260108T160047Z-1-001\sampled_400_images\000034.jpg	6	path	1	tm-labqwtqc	Cène	a religious painting of Cène, a passion in sujet	sujet -> Bible -> Nouveau Testament -> vie du Christ -> passion -> Cène	0.2781796455383301
000034.jpg	D:\O.D.I.L\data\image\sampled_400_images-20260108T160047Z-1-001\sampled_400_images\000034.jpg	6	raw	1	tm-rv3awyda	Christ lavant les pieds des apôtres	Christ lavant les pieds des apôtres	sujet -> Bible -> Nouveau Testament -> vie du Christ -> passion -> Christ lavant les pieds des apôtres	0.26194149255752563
000034.jpg	D:\O.D.I.L\data\image\sampled_400_images-20260108T160047Z-1-001\sampled_400_images\000034.jpg	6	template	1	tm-labqwtqc	Cène	a religious painting of Cène	sujet -> Bible -> Nouveau Testament -> vie du Christ -> passion -> Cène	0.2693864107131958
000207.jpg	D:\O.D.I.L\data\image\sampled_400_images-20260108T160047Z-1-001\sampled_400_images\000207.jpg	6	path	6	tm-kewga8kz	création des poissons et des oiseaux	a religious painting of création des poissons et des oiseaux, a Création (sujets) in sujet	sujet -> Bible -> Ancien Testament -> Genèse -> Création (sujets) -> création des poissons et des oiseaux	0.2696317434310913
000207.jpg	D:\O.D.I.L\data\image\sampled_400_images-20260108T160047Z-1-001\sampled_400_images\000207.jpg	6	raw	6	tm-kewga8kz	création des poissons et des oiseaux	création des poissons et des oiseaux	sujet -> Bible -> Ancien Testament -> Genèse -> Création (sujets) -> création des poissons et des oiseaux	0.13438156247138977
000207.jpg	D:\O.D.I.L\data\image\sampled_400_images-20260108T160047Z-1-001\sampled_400_images\000207.jpg	6	template	6	tm-kewga8kz	création des poissons et des oiseaux	a religious painting of création des poissons et des oiseaux	sujet -> Bible -> Ancien Testament -> Genèse -> Création (sujets) -> création des poissons et des oiseaux	0.27327072620391846
000253.jpg	D:\O.D.I.L\data\image\sampled_400_images-20260108T160047Z-1-001\sampled_400_images\000253.jpg	6	path	7	tm-vx2bdgtc	sortie d'Égypte	a religious painting of sortie d'Égypte, a Moïse (sujets) in sujet	sujet -> Bible -> Ancien Testament -> Exode -> Moïse (sujets) -> sortie d'Égypte	0.2452341616153717
000253.jpg	D:\O.D.I.L\data\image\sampled_400_images-20260108T160047Z-1-001\sampled_400_images\000253.jpg	6	raw	7	tm-vx2bdgtc	sortie d'Égypte	sortie d'Égypte	sujet -> Bible -> Ancien Testament -> Exode -> Moïse (sujets) -> sortie d'Égypte	0.1562180370092392
000253.jpg	D:\O.D.I.L\data\image\sampled_400_images-20260108T160047Z-1-001\sampled_400_images\000253.jpg	6	template	7	tm-vx2bdgtc	sortie d'Égypte	a religious painting of sortie d'Égypte	sujet -> Bible -> Ancien Testament -> Exode -> Moïse (sujets) -> sortie d'Égypte	0.2238900065422058
000279.jpg	D:\O.D.I.L\data\image\sampled_400_images-20260108T160047Z-1-001\sampled_400_images\000279.jpg	6	path	8	tm-h7vxh9ju	création de la lumière	a religious painting of création de la lumière, a Création (sujets) in sujet	sujet -> Bible -> Ancien Testament -> Genèse -> Création (sujets) -> création de la lumière	0.28038346767425537
000279.jpg	D:\O.D.I.L\data\image\sampled_400_images-20260108T160047Z-1-001\sampled_400_images\000279.jpg	6	raw	8	tm-h7vxh9ju	création de la lumière	création de la lumière	sujet -> Bible -> Ancien Testament -> Genèse -> Création (sujets) -> création de la lumière	0.18513275682926178
000279.jpg	D:\O.D.I.L\data\image\sampled_400_images-20260108T160047Z-1-001\sampled_400_images\000279.jpg	6	template	8	tm-h7vxh9ju	création de la lumière	a religious painting of création de la lumière	sujet -> Bible -> Ancien Testament -> Genèse -> Création (sujets) -> création de la lumière	0.2781597971916199
000816.jpg	D:\O.D.I.L\data\image\sampled_400_images-20260108T160047Z-1-001\sampled_400_images\000816.jpg	6	path	18	tm-d9fpbefh	baptême du Christ	a religious painting of baptême du Christ, a vie publique in sujet	sujet -> Bible -> Nouveau Testament -> vie du Christ -> vie publique -> baptême du Christ	0.24752508103847504
000816.jpg	D:\O.D.I.L\data\image\sampled_400_images-20260108T160047Z-1-001\sampled_400_images\000816.jpg	6	raw	18	tm-d9fpbefh	baptême du Christ	baptême du Christ	sujet -> Bible -> Nouveau Testament -> vie du Christ -> vie publique -> baptême du Christ	0.2409009039402008
000816.jpg	D:\O.D.I.L\data\image\sampled_400_images-20260108T160047Z-1-001\sampled_400_images\000816.jpg	6	template	18	tm-d9fpbefh	baptême du Christ	a religious painting of baptême du Christ	sujet -> Bible -> Nouveau Testament -> vie du Christ -> vie publique -> baptême du Christ	0.2449422925710678
000893.jpg	D:\O.D.I.L\data\image\sampled_400_images-20260108T160047Z-1-001\sampled_400_images\000893.jpg	6	path	21	tm-vx2bdgtc	sortie d'Égypte	a religious painting of sortie d'Égypte, a Moïse (sujets) in sujet	sujet -> Bible -> Ancien Testament -> Exode -> Moïse (sujets) -> sortie d'Égypte	0.24924378097057343
000893.jpg	D:\O.D.I.L\data\image\sampled_400_images-20260108T160047Z-1-001\sampled_400_images\000893.jpg	6	raw	21	tm-vx2bdgtc	sortie d'Égypte	sortie d'Égypte	sujet -> Bible -> Ancien Testament -> Exode -> Moïse (sujets) -> sortie d'Égypte	0.1303447037935257
000893.jpg	D:\O.D.I.L\data\image\sampled_400_images-20260108T160047Z-1-001\sampled_400_images\000893.jpg	6	template	21	tm-vx2bdgtc	sortie d'Égypte	a religious painting of sortie d'Égypte	sujet -> Bible -> Ancien Testament -> Exode -> Moïse (sujets) -> sortie d'Égypte	0.22975221276283264
000942.jpg	D:\O.D.I.L\data\image\sampled_400_images-20260108T160047Z-1-001\sampled_400_images\000942.jpg	6	path	23	tm-kgblaf2c	jugement de Salomon	a religious painting of jugement de Salomon, a Salomon (sujets) in sujet	sujet -> Bible -> Ancien Testament -> les Rois -> Salomon (sujets) -> jugement de Salomon	0.27785852551460266
000942.jpg	D:\O.D.I.L\data\image\sampled_400_images-20260108T160047Z-1-001\sampled_400_images\000942.jpg	6	raw	23	tm-kgblaf2c	jugement de Salomon	jugement de Salomon	sujet -> Bible -> Ancien Testament -> les Rois -> Salomon (sujets) -> jugement de Salomon	0.22196879982948303
000942.jpg	D:\O.D.I.L\data\image\sampled_400_images-20260108T160047Z-1-001\sampled_400_images\000942.jpg	6	template	23	tm-kgblaf2c	jugement de Salomon	a religious painting of jugement de Salomon	sujet -> Bible -> Ancien Testament -> les Rois -> Salomon (sujets) -> jugement de Salomon	0.27244120836257935
001137.jpg	D:\O.D.I.L\data\image\sampled_400_images-20260108T160047Z-1-001\sampled_400_images\001137.jpg	6	path	29	tm-ggtqslg5	sixième sceau de l'Apocalypse : anges retenant les vents	a religious painting of sixième sceau de l'Apocalypse : anges retenant les vents, a ouverture des sept sceaux in sujet	sujet -> Bible -> Nouveau Testament -> Apocalypse -> ouverture des sept sceaux -> sixième sceau de l'Apocalypse : anges retenant les vents	0.3216039836406708
001137.jpg	D:\O.D.I.L\data\image\sampled_400_images-20260108T160047Z-1-001\sampled_400_images\001137.jpg	6	raw	29	tm-ggtqslg5	sixième sceau de l'Apocalypse : anges retenant les vents	sixième sceau de l'Apocalypse : anges retenant les vents	sujet -> Bible -> Nouveau Testament -> Apocalypse -> ouverture des sept sceaux -> sixième sceau de l'Apocalypse : anges retenant les vents	0.2275197058916092
001137.jpg	D:\O.D.I.L\data\image\sampled_400_images-20260108T160047Z-1-001\sampled_400_images\001137.jpg	6	template	29	tm-ggtqslg5	sixième sceau de l'Apocalypse : anges retenant les vents	a religious painting of sixième sceau de l'Apocalypse : anges retenant les vents	sujet -> Bible -> Nouveau Testament -> Apocalypse -> ouverture des sept sceaux -> sixième sceau de l'Apocalypse : anges retenant les vents	0.299031138420105
001184.jpg	D:\O.D.I.L\data\image\sampled_400_images-20260108T160047Z-1-001\sampled_400_images\001184.jpg	6	path	31	tm-3tmpspdf	ange jetant une meule dans la mer	a religious painting of ange jetant une meule dans la mer, a prostituée et destruction de Babylone in sujet	sujet -> Bible -> Nouveau Testament -> Apocalypse -> prostituée et destruction de Babylone -> ange jetant une meule dans la mer	0.3327847421169281
001184.jpg	D:\O.D.I.L\data\image\sampled_400_images-20260108T160047Z-1-001\sampled_400_images\001184.jpg	6	raw	31	tm-3tmpspdf	ange jetant une meule dans la mer	ange jetant une meule dans la mer	sujet -> Bible -> Nouveau Testament -> Apocalypse -> prostituée et destruction de Babylone -> ange jetant une meule dans la mer	0.3016816973686218
001184.jpg	D:\O.D.I.L\data\image\sampled_400_images-20260108T160047Z-1-001\sampled_400_images\001184.jpg	6	template	31	tm-3tmpspdf	ange jetant une meule dans la mer	a religious painting of ange jetant une meule dans la mer	sujet -> Bible -> Nouveau Testament -> Apocalypse -> prostituée et destruction de Babylone -> ange jetant une meule dans la mer	0.33666062355041504
001303.jpg	D:\O.D.I.L\data\image\sampled_400_images-20260108T160047Z-1-001\sampled_400_images\001303.jpg	6	path	35	tm-a82fhexi	entrée du Christ à Jérusalem	a religious painting of entrée du Christ à Jérusalem, a passion in sujet	sujet -> Bible -> Nouveau Testament -> vie du Christ -> passion -> entrée du Christ à Jérusalem	0.2779020667076111
001303.jpg	D:\O.D.I.L\data\image\sampled_400_images-20260108T160047Z-1-001\sampled_400_images\001303.jpg	6	raw	35	tm-a82fhexi	entrée du Christ à Jérusalem	entrée du Christ à Jérusalem	sujet -> Bible -> Nouveau Testament -> vie du Christ -> passion -> entrée du Christ à Jérusalem	0.19753684103488922
001303.jpg	D:\O.D.I.L\data\image\sampled_400_images-20260108T160047Z-1-001\sampled_400_images\001303.jpg	6	template	35	tm-a82fhexi	entrée du Christ à Jérusalem	a religious painting of entrée du Christ à Jérusalem	sujet -> Bible -> Nouveau Testament -> vie du Christ -> passion -> entrée du Christ à Jérusalem	0.27012506127357483
001694.jpg	D:\O.D.I.L\data\image\sampled_400_images-20260108T160047Z-1-001\sampled_400_images\001694.jpg	6	path	44	tm-h78uswml	adoration de l'agneau divin sur le mont Sion	a religious painting of adoration de l'agneau divin sur le mont Sion, a vision de l'agneau, moisson et vendange divines in sujet	sujet -> Bible -> Nouveau Testament -> Apocalypse -> vision de l'agneau, moisson et vendange divines -> adoration de l'agneau divin sur le mont Sion	0.2747010588645935
001694.jpg	D:\O.D.I.L\data\image\sampled_400_images-20260108T160047Z-1-001\sampled_400_images\001694.jpg	6	raw	44	tm-h78uswml	adoration de l'agneau divin sur le mont Sion	adoration de l'agneau divin sur le mont Sion	sujet -> Bible -> Nouveau Testament -> Apocalypse -> vision de l'agneau, moisson et vendange divines -> adoration de l'agneau divin sur le mont Sion	0.2700212597846985
001694.jpg	D:\O.D.I.L\data\image\sampled_400_images-20260108T160047Z-1-001\sampled_400_images\001694.jpg	6	template	44	tm-h78uswml	adoration de l'agneau divin sur le mont Sion	a religious painting of adoration de l'agneau divin sur le mont Sion	sujet -> Bible -> Nouveau Testament -> Apocalypse -> vision de l'agneau, moisson et vendange divines -> adoration de l'agneau divin sur le mont Sion	0.25626444816589355
001717.jpg	D:\O.D.I.L\data\image\sampled_400_images-20260108T160047Z-1-001\sampled_400_images\001717.jpg	6	path	45	tm-aztf9mvn	saint Jean écrivant	a religious painting of saint Jean écrivant, a messages aux sept Églises d'Asie in sujet	sujet -> Bible -> Nouveau Testament -> Apocalypse -> messages aux sept Églises d'Asie -> saint Jean écrivant	0.28907305002212524
001717.jpg	D:\O.D.I.L\data\image\sampled_400_images-20260108T160047Z-1-001\sampled_400_images\001717.jpg	6	raw	45	tm-aztf9mvn	saint Jean écrivant	saint Jean écrivant	sujet -> Bible -> Nouveau Testament -> Apocalypse -> messages aux sept Églises d'Asie -> saint Jean écrivant	0.2349880337715149
001717.jpg	D:\O.D.I.L\data\image\sampled_400_images-20260108T160047Z-1-001\sampled_400_images\001717.jpg	6	template	45	tm-aztf9mvn	saint Jean écrivant	a religious painting of saint Jean écrivant	sujet -> Bible -> Nouveau Testament -> Apocalypse -> messages aux sept Églises d'Asie -> saint Jean écrivant	0.2527974843978882
001749.jpg	D:\O.D.I.L\data\image\sampled_400_images-20260108T160047Z-1-001\sampled_400_images\001749.jpg	6	path	46	tm-ewtkhvz8	meurtre des deux témoins de l'Apocalypse	a religious painting of meurtre des deux témoins de l'Apocalypse, a témoins de l'Apocalypse in sujet	sujet -> Bible -> Nouveau Testament -> Apocalypse -> témoins de l'Apocalypse -> meurtre des deux témoins de l'Apocalypse	0.28704607486724854
001749.jpg	D:\O.D.I.L\data\image\sampled_400_images-20260108T160047Z-1-001\sampled_400_images\001749.jpg	6	raw	46	tm-ewtkhvz8	meurtre des deux témoins de l'Apocalypse	meurtre des deux témoins de l'Apocalypse	sujet -> Bible -> Nouveau Testament -> Apocalypse -> témoins de l'Apocalypse -> meurtre des deux témoins de l'Apocalypse	0.22047370672225952
001749.jpg	D:\O.D.I.L\data\image\sampled_400_images-20260108T160047Z-1-001\sampled_400_images\001749.jpg	6	template	46	tm-ewtkhvz8	meurtre des deux témoins de l'Apocalypse	a religious painting of meurtre des deux témoins de l'Apocalypse	sujet -> Bible -> Nouveau Testament -> Apocalypse -> témoins de l'Apocalypse -> meurtre des deux témoins de l'Apocalypse	0.2818593382835388
001777.jpg	D:\O.D.I.L\data\image\sampled_400_images-20260108T160047Z-1-001\sampled_400_images\001777.jpg	6	path	47	tm-ytphytj3	sept coupes de l'Apocalypse : fléaux	a religious painting of sept coupes de l'Apocalypse : fléaux, a sept coupes de l'Apocalypse in sujet	sujet -> Bible -> Nouveau Testament -> Apocalypse -> sept coupes de l'Apocalypse -> sept coupes de l'Apocalypse : fléaux	0.2969251275062561
001777.jpg	D:\O.D.I.L\data\image\sampled_400_images-20260108T160047Z-1-001\sampled_400_images\001777.jpg	6	raw	47	tm-ytphytj3	sept coupes de l'Apocalypse : fléaux	sept coupes de l'Apocalypse : fléaux	sujet -> Bible -> Nouveau Testament -> Apocalypse -> sept coupes de l'Apocalypse -> sept coupes de l'Apocalypse : fléaux	0.1813959777355194
001777.jpg	D:\O.D.I.L\data\image\sampled_400_images-20260108T160047Z-1-001\sampled_400_images\001777.jpg	6	template	47	tm-ytphytj3	sept coupes de l'Apocalypse : fléaux	a religious painting of sept coupes de l'Apocalypse : fléaux	sujet -> Bible -> Nouveau Testament -> Apocalypse -> sept coupes de l'Apocalypse -> sept coupes de l'Apocalypse : fléaux	0.2875525951385498
001802.jpg	D:\O.D.I.L\data\image\sampled_400_images-20260108T160047Z-1-001\sampled_400_images\001802.jpg	6	path	48	tm-feckmfoe	défaite de la Bête de l'Apocalypse	a religious painting of défaite de la Bête de l'Apocalypse, a triomphe du Christ in sujet	sujet -> Bible -> Nouveau Testament -> Apocalypse -> triomphe du Christ -> défaite de la Bête de l'Apocalypse	0.25273415446281433
001802.jpg	D:\O.D.I.L\data\image\sampled_400_images-20260108T160047Z-1-001\sampled_400_images\001802.jpg	6	raw	48	tm-feckmfoe	défaite de la Bête de l'Apocalypse	défaite de la Bête de l'Apocalypse	sujet -> Bible -> Nouveau Testament -> Apocalypse -> triomphe du Christ -> défaite de la Bête de l'Apocalypse	0.19234441220760345
001802.jpg	D:\O.D.I.L\data\image\sampled_400_images-20260108T160047Z-1-001\sampled_400_images\001802.jpg	6	template	48	tm-feckmfoe	défaite de la Bête de l'Apocalypse	a religious painting of défaite de la Bête de l'Apocalypse	sujet -> Bible -> Nouveau Testament -> Apocalypse -> triomphe du Christ -> défaite de la Bête de l'Apocalypse	0.2844974398612976
001912.jpg	D:\O.D.I.L\data\image\sampled_400_images-20260108T160047Z-1-001\sampled_400_images\001912.jpg	6	path	51	tm-wjlzmegu	combat entre saint Michel et le dragon de l'Apocalypse	a religious painting of combat entre saint Michel et le dragon de l'Apocalypse, a dragon et bête de l'Apocalypse in sujet	sujet -> Bible -> Nouveau Testament -> Apocalypse -> dragon et bête de l'Apocalypse -> combat entre saint Michel et le dragon de l'Apocalypse	0.3287068009376526
001912.jpg	D:\O.D.I.L\data\image\sampled_400_images-20260108T160047Z-1-001\sampled_400_images\001912.jpg	6	raw	51	tm-wjlzmegu	combat entre saint Michel et le dragon de l'Apocalypse	combat entre saint Michel et le dragon de l'Apocalypse	sujet -> Bible -> Nouveau Testament -> Apocalypse -> dragon et bête de l'Apocalypse -> combat entre saint Michel et le dragon de l'Apocalypse	0.3102571964263916
001912.jpg	D:\O.D.I.L\data\image\sampled_400_images-20260108T160047Z-1-001\sampled_400_images\001912.jpg	6	template	51	tm-wjlzmegu	combat entre saint Michel et le dragon de l'Apocalypse	a religious painting of combat entre saint Michel et le dragon de l'Apocalypse	sujet -> Bible -> Nouveau Testament -> Apocalypse -> dragon et bête de l'Apocalypse -> combat entre saint Michel et le dragon de l'Apocalypse	0.3195633888244629
002245.jpg	D:\O.D.I.L\data\image\sampled_400_images-20260108T160047Z-1-001\sampled_400_images\002245.jpg	6	path	61	tm-frszntoo	Pentecôte	a religious painting of Pentecôte, a résurrection (sujets) in sujet	sujet -> Bible -> Nouveau Testament -> vie du Christ -> résurrection (sujets) -> Pentecôte	0.2893252372741699
002245.jpg	D:\O.D.I.L\data\image\sampled_400_images-20260108T160047Z-1-001\sampled_400_images\002245.jpg	6	raw	61	tm-frszntoo	Pentecôte	Pentecôte	sujet -> Bible -> Nouveau Testament -> vie du Christ -> résurrection (sujets) -> Pentecôte	0.1594971865415573
002245.jpg	D:\O.D.I.L\data\image\sampled_400_images-20260108T160047Z-1-001\sampled_400_images\002245.jpg	6	template	61	tm-frszntoo	Pentecôte	a religious painting of Pentecôte	sujet -> Bible -> Nouveau Testament -> vie du Christ -> résurrection (sujets) -> Pentecôte	0.2842465043067932
002269.jpg	D:\O.D.I.L\data\image\sampled_400_images-20260108T160047Z-1-001\sampled_400_images\002269.jpg	6	path	62	tm-twnfftbh	psaume 81 : David musicien	a religious painting of psaume 81 : David musicien, a David (sujets) in sujet	sujet -> Bible -> Ancien Testament -> les Rois -> David (sujets) -> psaume 81 : David musicien	0.2780698537826538
002269.jpg	D:\O.D.I.L\data\image\sampled_400_images-20260108T160047Z-1-001\sampled_400_images\002269.jpg	6	raw	62	tm-twnfftbh	psaume 81 : David musicien	psaume 81 : David musicien	sujet -> Bible -> Ancien Testament -> les Rois -> David (sujets) -> psaume 81 : David musicien	0.16184072196483612
002269.jpg	D:\O.D.I.L\data\image\sampled_400_images-20260108T160047Z-1-001\sampled_400_images\002269.jpg	6	template	62	tm-twnfftbh	psaume 81 : David musicien	a religious painting of psaume 81 : David musicien	sujet -> Bible -> Ancien Testament -> les Rois -> David (sujets) -> psaume 81 : David musicien	0.24387900531291962
002302.jpg	D:\O.D.I.L\data\image\sampled_400_images-20260108T160047Z-1-001\sampled_400_images\002302.jpg	6	path	63	tm-vl6ccqxy	sixième sceau de l'Apocalypse : tremblement de terre, chute des astres	a religious painting of sixième sceau de l'Apocalypse : tremblement de terre, chute des astres, a ouverture des sept sceaux in sujet	sujet -> Bible -> Nouveau Testament -> Apocalypse -> ouverture des sept sceaux -> sixième sceau de l'Apocalypse : tremblement de terre, chute des astres	0.31608378887176514
002302.jpg	D:\O.D.I.L\data\image\sampled_400_images-20260108T160047Z-1-001\sampled_400_images\002302.jpg	6	raw	63	tm-vl6ccqxy	sixième sceau de l'Apocalypse : tremblement de terre, chute des astres	sixième sceau de l'Apocalypse : tremblement de terre, chute des astres	sujet -> Bible -> Nouveau Testament -> Apocalypse -> ouverture des sept sceaux -> sixième sceau de l'Apocalypse : tremblement de terre, chute des astres	0.1974642276763916
002302.jpg	D:\O.D.I.L\data\image\sampled_400_images-20260108T160047Z-1-001\sampled_400_images\002302.jpg	6	template	63	tm-vl6ccqxy	sixième sceau de l'Apocalypse : tremblement de terre, chute des astres	a religious painting of sixième sceau de l'Apocalypse : tremblement de terre, chute des astres	sujet -> Bible -> Nouveau Testament -> Apocalypse -> ouverture des sept sceaux -> sixième sceau de l'Apocalypse : tremblement de terre, chute des astres	0.31165003776550293
002595.jpg	D:\O.D.I.L\data\image\sampled_400_images-20260108T160047Z-1-001\sampled_400_images\002595.jpg	6	path	73	tm-6xfensro	apparition du Christ aux apôtres	a religious painting of apparition du Christ aux apôtres, a résurrection (sujets) in sujet	sujet -> Bible -> Nouveau Testament -> vie du Christ -> résurrection (sujets) -> apparition du Christ aux apôtres	0.2857215404510498
002595.jpg	D:\O.D.I.L\data\image\sampled_400_images-20260108T160047Z-1-001\sampled_400_images\002595.jpg	6	raw	73	tm-6xfensro	apparition du Christ aux apôtres	apparition du Christ aux apôtres	sujet -> Bible -> Nouveau Testament -> vie du Christ -> résurrection (sujets) -> apparition du Christ aux apôtres	0.28602084517478943
002595.jpg	D:\O.D.I.L\data\image\sampled_400_images-20260108T160047Z-1-001\sampled_400_images\002595.jpg	6	template	73	tm-6xfensro	apparition du Christ aux apôtres	a religious painting of apparition du Christ aux apôtres	sujet -> Bible -> Nouveau Testament -> vie du Christ -> résurrection (sujets) -> apparition du Christ aux apôtres	0.2832247316837311
002671.jpg	D:\O.D.I.L\data\image\sampled_400_images-20260108T160047Z-1-001\sampled_400_images\002671.jpg	6	path	76	tm-jbk9lrul	adoration des mages	a religious painting of adoration des mages, a enfance in sujet	sujet -> Bible -> Nouveau Testament -> vie du Christ -> enfance -> adoration des mages	0.26835915446281433
002671.jpg	D:\O.D.I.L\data\image\sampled_400_images-20260108T160047Z-1-001\sampled_400_images\002671.jpg	6	raw	76	tm-jbk9lrul	adoration des mages	adoration des mages	sujet -> Bible -> Nouveau Testament -> vie du Christ -> enfance -> adoration des mages	0.27320992946624756
002671.jpg	D:\O.D.I.L\data\image\sampled_400_images-20260108T160047Z-1-001\sampled_400_images\002671.jpg	6	template	76	tm-jbk9lrul	adoration des mages	a religious painting of adoration des mages	sujet -> Bible -> Nouveau Testament -> vie du Christ -> enfance -> adoration des mages	0.2531256377696991
002698.jpg	D:\O.D.I.L\data\image\sampled_400_images-20260108T160047Z-1-001\sampled_400_images\002698.jpg	6	path	77	tm-ipxuypcf	Christ et les docteurs	a religious painting of Christ et les docteurs, a enfance in sujet	sujet -> Bible -> Nouveau Testament -> vie du Christ -> enfance -> Christ et les docteurs	0.3003930449485779
002698.jpg	D:\O.D.I.L\data\image\sampled_400_images-20260108T160047Z-1-001\sampled_400_images\002698.jpg	6	raw	77	tm-ipxuypcf	Christ et les docteurs	Christ et les docteurs	sujet -> Bible -> Nouveau Testament -> vie du Christ -> enfance -> Christ et les docteurs	0.2733615040779114
002698.jpg	D:\O.D.I.L\data\image\sampled_400_images-20260108T160047Z-1-001\sampled_400_images\002698.jpg	6	template	77	tm-ipxuypcf	Christ et les docteurs	a religious painting of Christ et les docteurs	sujet -> Bible -> Nouveau Testament -> vie du Christ -> enfance -> Christ et les docteurs	0.28593897819519043
002749.jpg	D:\O.D.I.L\data\image\sampled_400_images-20260108T160047Z-1-001\sampled_400_images\002749.jpg	6	path	79	tm-sgsqrkgw	première résurrection	a religious painting of première résurrection, a triomphe du Christ in sujet	sujet -> Bible -> Nouveau Testament -> Apocalypse -> triomphe du Christ -> première résurrection	0.26811838150024414
002749.jpg	D:\O.D.I.L\data\image\sampled_400_images-20260108T160047Z-1-001\sampled_400_images\002749.jpg	6	raw	79	tm-sgsqrkgw	première résurrection	première résurrection	sujet -> Bible -> Nouveau Testament -> Apocalypse -> triomphe du Christ -> première résurrection	0.18860489130020142
002749.jpg	D:\O.D.I.L\data\image\sampled_400_images-20260108T160047Z-1-001\sampled_400_images\002749.jpg	6	template	79	tm-sgsqrkgw	première résurrection	a religious painting of première résurrection	sujet -> Bible -> Nouveau Testament -> Apocalypse -> triomphe du Christ -> première résurrection	0.2857123613357544
002788.jpg	D:\O.D.I.L\data\image\sampled_400_images-20260108T160047Z-1-001\sampled_400_images\002788.jpg	6	path	80	tm-hzyurlkd	Moïse et le serpent d'airain	a religious painting of Moïse et le serpent d'airain, a Moïse (sujets) in sujet	sujet -> Bible -> Ancien Testament -> Exode -> Moïse (sujets) -> Moïse et le serpent d'airain	0.2962725758552551
002788.jpg	D:\O.D.I.L\data\image\sampled_400_images-20260108T160047Z-1-001\sampled_400_images\002788.jpg	6	raw	80	tm-hzyurlkd	Moïse et le serpent d'airain	Moïse et le serpent d'airain	sujet -> Bible -> Ancien Testament -> Exode -> Moïse (sujets) -> Moïse et le serpent d'airain	0.2306976467370987
002788.jpg	D:\O.D.I.L\data\image\sampled_400_images-20260108T160047Z-1-001\sampled_400_images\002788.jpg	6	template	80	tm-hzyurlkd	Moïse et le serpent d'airain	a religious painting of Moïse et le serpent d'airain	sujet -> Bible -> Ancien Testament -> Exode -> Moïse (sujets) -> Moïse et le serpent d'airain	0.30136388540267944
002814.jpg	D:\O.D.I.L\data\image\sampled_400_images-20260108T160047Z-1-001\sampled_400_images\002814.jpg	6	path	81	tm-labqwtqc	Cène	a religious painting of Cène, a passion in sujet	sujet -> Bible -> Nouveau Testament -> vie du Christ -> passion -> Cène	0.29017049074172974
002814.jpg	D:\O.D.I.L\data\image\sampled_400_images-20260108T160047Z-1-001\sampled_400_images\002814.jpg	6	raw	81	tm-labqwtqc	Cène	Cène	sujet -> Bible -> Nouveau Testament -> vie du Christ -> passion -> Cène	0.2207585722208023
002814.jpg	D:\O.D.I.L\data\image\sampled_400_images-20260108T160047Z-1-001\sampled_400_images\002814.jpg	6	template	81	tm-labqwtqc	Cène	a religious painting of Cène	sujet -> Bible -> Nouveau Testament -> vie du Christ -> passion -> Cène	0.28854915499687195
002878.jpg	D:\O.D.I.L\data\image\sampled_400_images-20260108T160047Z-1-001\sampled_400_images\002878.jpg	6	path	83	tm-a82fhexi	entrée du Christ à Jérusalem	a religious painting of entrée du Christ à Jérusalem, a passion in sujet	sujet -> Bible -> Nouveau Testament -> vie du Christ -> passion -> entrée du Christ à Jérusalem	0.2710316777229309
002878.jpg	D:\O.D.I.L\data\image\sampled_400_images-20260108T160047Z-1-001\sampled_400_images\002878.jpg	6	raw	83	tm-a82fhexi	entrée du Christ à Jérusalem	entrée du Christ à Jérusalem	sujet -> Bible -> Nouveau Testament -> vie du Christ -> passion -> entrée du Christ à Jérusalem	0.19511444866657257
002878.jpg	D:\O.D.I.L\data\image\sampled_400_images-20260108T160047Z-1-001\sampled_400_images\002878.jpg	6	template	83	tm-a82fhexi	entrée du Christ à Jérusalem	a religious painting of entrée du Christ à Jérusalem	sujet -> Bible -> Nouveau Testament -> vie du Christ -> passion -> entrée du Christ à Jérusalem	0.26916006207466125
002992.jpg	D:\O.D.I.L\data\image\sampled_400_images-20260108T160047Z-1-001\sampled_400_images\002992.jpg	6	path	86	tm-zn8ypys2	crucifiement du Christ	a religious painting of crucifiement du Christ, a passion in sujet	sujet -> Bible -> Nouveau Testament -> vie du Christ -> passion -> crucifiement du Christ	0.3168308734893799
002992.jpg	D:\O.D.I.L\data\image\sampled_400_images-20260108T160047Z-1-001\sampled_400_images\002992.jpg	6	raw	86	tm-zn8ypys2	crucifiement du Christ	crucifiement du Christ	sujet -> Bible -> Nouveau Testament -> vie du Christ -> passion -> crucifiement du Christ	0.33083629608154297
002992.jpg	D:\O.D.I.L\data\image\sampled_400_images-20260108T160047Z-1-001\sampled_400_images\002992.jpg	6	template	86	tm-zn8ypys2	crucifiement du Christ	a religious painting of crucifiement du Christ	sujet -> Bible -> Nouveau Testament -> vie du Christ -> passion -> crucifiement du Christ	0.31875452399253845
003231.jpg	D:\O.D.I.L\data\image\sampled_400_images-20260108T160047Z-1-001\sampled_400_images\003231.jpg	6	path	93	tm-ff3bvate	noyade de Pharaon	a religious painting of noyade de Pharaon, a Moïse (sujets) in sujet	sujet -> Bible -> Ancien Testament -> Exode -> Moïse (sujets) -> noyade de Pharaon	0.2874062657356262
003231.jpg	D:\O.D.I.L\data\image\sampled_400_images-20260108T160047Z-1-001\sampled_400_images\003231.jpg	6	raw	93	tm-ff3bvate	noyade de Pharaon	noyade de Pharaon	sujet -> Bible -> Ancien Testament -> Exode -> Moïse (sujets) -> noyade de Pharaon	0.20317095518112183
003231.jpg	D:\O.D.I.L\data\image\sampled_400_images-20260108T160047Z-1-001\sampled_400_images\003231.jpg	6	template	93	tm-ff3bvate	noyade de Pharaon	a religious painting of noyade de Pharaon	sujet -> Bible -> Ancien Testament -> Exode -> Moïse (sujets) -> noyade de Pharaon	0.2796323895454407
003389.jpg	D:\O.D.I.L\data\image\sampled_400_images-20260108T160047Z-1-001\sampled_400_images\003389.jpg	6	path	96	tm-anlidr2a	rencontre d'Abraham et de Melchisédech	a religious painting of rencontre d'Abraham et de Melchisédech, a Abraham (sujets) in sujet	sujet -> Bible -> Ancien Testament -> patriarches et Joseph -> Abraham (sujets) -> rencontre d'Abraham et de Melchisédech	0.2888476252555847
003389.jpg	D:\O.D.I.L\data\image\sampled_400_images-20260108T160047Z-1-001\sampled_400_images\003389.jpg	6	raw	96	tm-anlidr2a	rencontre d'Abraham et de Melchisédech	rencontre d'Abraham et de Melchisédech	sujet -> Bible -> Ancien Testament -> patriarches et Joseph -> Abraham (sujets) -> rencontre d'Abraham et de Melchisédech	0.2575172185897827
003389.jpg	D:\O.D.I.L\data\image\sampled_400_images-20260108T160047Z-1-001\sampled_400_images\003389.jpg	6	template	96	tm-anlidr2a	rencontre d'Abraham et de Melchisédech	a religious painting of rencontre d'Abraham et de Melchisédech	sujet -> Bible -> Ancien Testament -> patriarches et Joseph -> Abraham (sujets) -> rencontre d'Abraham et de Melchisédech	0.284396231174469
003413.jpg	D:\O.D.I.L\data\image\sampled_400_images-20260108T160047Z-1-001\sampled_400_images\003413.jpg	6	path	97	tm-2tegbe8v	Moïse et Aaron devant Pharaon	a religious painting of Moïse et Aaron devant Pharaon, a Moïse (sujets) in sujet	sujet -> Bible -> Ancien Testament -> Exode -> Moïse (sujets) -> Moïse et Aaron devant Pharaon	0.2947619557380676
003413.jpg	D:\O.D.I.L\data\image\sampled_400_images-20260108T160047Z-1-001\sampled_400_images\003413.jpg	6	raw	97	tm-2tegbe8v	Moïse et Aaron devant Pharaon	Moïse et Aaron devant Pharaon	sujet -> Bible -> Ancien Testament -> Exode -> Moïse (sujets) -> Moïse et Aaron devant Pharaon	0.2427515834569931
003413.jpg	D:\O.D.I.L\data\image\sampled_400_images-20260108T160047Z-1-001\sampled_400_images\003413.jpg	6	template	97	tm-2tegbe8v	Moïse et Aaron devant Pharaon	a religious painting of Moïse et Aaron devant Pharaon	sujet -> Bible -> Ancien Testament -> Exode -> Moïse (sujets) -> Moïse et Aaron devant Pharaon	0.2864772081375122
003438.jpg	D:\O.D.I.L\data\image\sampled_400_images-20260108T160047Z-1-001\sampled_400_images\003438.jpg	6	path	98	tm-pbqc6t9c	sacrifice de Manoah	a religious painting of sacrifice de Manoah, a Samson (sujets) in sujet	sujet -> Bible -> Ancien Testament -> les Juges -> Samson (sujets) -> sacrifice de Manoah	0.24992141127586365
003438.jpg	D:\O.D.I.L\data\image\sampled_400_images-20260108T160047Z-1-001\sampled_400_images\003438.jpg	6	raw	98	tm-pbqc6t9c	sacrifice de Manoah	sacrifice de Manoah	sujet -> Bible -> Ancien Testament -> les Juges -> Samson (sujets) -> sacrifice de Manoah	0.2162746787071228
003438.jpg	D:\O.D.I.L\data\image\sampled_400_images-20260108T160047Z-1-001\sampled_400_images\003438.jpg	6	template	98	tm-pbqc6t9c	sacrifice de Manoah	a religious painting of sacrifice de Manoah	sujet -> Bible -> Ancien Testament -> les Juges -> Samson (sujets) -> sacrifice de Manoah	0.2790393829345703
003464.jpg	D:\O.D.I.L\data\image\sampled_400_images-20260108T160047Z-1-001\sampled_400_images\003464.jpg	6	path	99	tm-jeisdvb3	psaume 39 : David se condamnant au silence	a religious painting of psaume 39 : David se condamnant au silence, a David (sujets) in sujet	sujet -> Bible -> Ancien Testament -> les Rois -> David (sujets) -> psaume 39 : David se condamnant au silence	0.27711954712867737
003464.jpg	D:\O.D.I.L\data\image\sampled_400_images-20260108T160047Z-1-001\sampled_400_images\003464.jpg	6	raw	99	tm-jeisdvb3	psaume 39 : David se condamnant au silence	psaume 39 : David se condamnant au silence	sujet -> Bible -> Ancien Testament -> les Rois -> David (sujets) -> psaume 39 : David se condamnant au silence	0.18486787378787994
003464.jpg	D:\O.D.I.L\data\image\sampled_400_images-20260108T160047Z-1-001\sampled_400_images\003464.jpg	6	template	99	tm-jeisdvb3	psaume 39 : David se condamnant au silence	a religious painting of psaume 39 : David se condamnant au silence	sujet -> Bible -> Ancien Testament -> les Rois -> David (sujets) -> psaume 39 : David se condamnant au silence	0.2712038457393646
003666.jpg	D:\O.D.I.L\data\image\sampled_400_images-20260108T160047Z-1-001\sampled_400_images\003666.jpg	6	path	107	tm-2y7hhu4n	septième sceau de l'Apocalypse : remise des trompettes	a religious painting of septième sceau de l'Apocalypse : remise des trompettes, a ouverture des sept sceaux in sujet	sujet -> Bible -> Nouveau Testament -> Apocalypse -> ouverture des sept sceaux -> septième sceau de l'Apocalypse : remise des trompettes	0.29302236437797546
003666.jpg	D:\O.D.I.L\data\image\sampled_400_images-20260108T160047Z-1-001\sampled_400_images\003666.jpg	6	raw	107	tm-2y7hhu4n	septième sceau de l'Apocalypse : remise des trompettes	septième sceau de l'Apocalypse : remise des trompettes	sujet -> Bible -> Nouveau Testament -> Apocalypse -> ouverture des sept sceaux -> septième sceau de l'Apocalypse : remise des trompettes	0.1918761432170868
003666.jpg	D:\O.D.I.L\data\image\sampled_400_images-20260108T160047Z-1-001\sampled_400_images\003666.jpg	6	template	107	tm-2y7hhu4n	septième sceau de l'Apocalypse : remise des trompettes	a religious painting of septième sceau de l'Apocalypse : remise des trompettes	sujet -> Bible -> Nouveau Testament -> Apocalypse -> ouverture des sept sceaux -> septième sceau de l'Apocalypse : remise des trompettes	0.29566890001296997
003698.jpg	D:\O.D.I.L\data\image\sampled_400_images-20260108T160047Z-1-001\sampled_400_images\003698.jpg	6	path	108	tm-h78uswml	adoration de l'agneau divin sur le mont Sion	a religious painting of adoration de l'agneau divin sur le mont Sion, a vision de l'agneau, moisson et vendange divines in sujet	sujet -> Bible -> Nouveau Testament -> Apocalypse -> vision de l'agneau, moisson et vendange divines -> adoration de l'agneau divin sur le mont Sion	0.27522051334381104
003698.jpg	D:\O.D.I.L\data\image\sampled_400_images-20260108T160047Z-1-001\sampled_400_images\003698.jpg	6	raw	108	tm-h78uswml	adoration de l'agneau divin sur le mont Sion	adoration de l'agneau divin sur le mont Sion	sujet -> Bible -> Nouveau Testament -> Apocalypse -> vision de l'agneau, moisson et vendange divines -> adoration de l'agneau divin sur le mont Sion	0.23423221707344055
003698.jpg	D:\O.D.I.L\data\image\sampled_400_images-20260108T160047Z-1-001\sampled_400_images\003698.jpg	6	template	108	tm-h78uswml	adoration de l'agneau divin sur le mont Sion	a religious painting of adoration de l'agneau divin sur le mont Sion	sujet -> Bible -> Nouveau Testament -> Apocalypse -> vision de l'agneau, moisson et vendange divines -> adoration de l'agneau divin sur le mont Sion	0.2622603178024292
003721.jpg	D:\O.D.I.L\data\image\sampled_400_images-20260108T160047Z-1-001\sampled_400_images\003721.jpg	6	path	109	tm-sgsqrkgw	première résurrection	a religious painting of première résurrection, a triomphe du Christ in sujet	sujet -> Bible -> Nouveau Testament -> Apocalypse -> triomphe du Christ -> première résurrection	0.25981414318084717
003721.jpg	D:\O.D.I.L\data\image\sampled_400_images-20260108T160047Z-1-001\sampled_400_images\003721.jpg	6	raw	109	tm-sgsqrkgw	première résurrection	première résurrection	sujet -> Bible -> Nouveau Testament -> Apocalypse -> triomphe du Christ -> première résurrection	0.17489120364189148
003721.jpg	D:\O.D.I.L\data\image\sampled_400_images-20260108T160047Z-1-001\sampled_400_images\003721.jpg	6	template	109	tm-sgsqrkgw	première résurrection	a religious painting of première résurrection	sujet -> Bible -> Nouveau Testament -> Apocalypse -> triomphe du Christ -> première résurrection	0.26410171389579773
003909.jpg	D:\O.D.I.L\data\image\sampled_400_images-20260108T160047Z-1-001\sampled_400_images\003909.jpg	6	path	116	tm-e6nmw8m2	cinquième trompette de l'Apocalypse : sauterelles à tête humaine	a religious painting of cinquième trompette de l'Apocalypse : sauterelles à tête humaine, a sonneries des sept trompettes in sujet	sujet -> Bible -> Nouveau Testament -> Apocalypse -> sonneries des sept trompettes -> cinquième trompette de l'Apocalypse : sauterelles à tête humaine	0.31122007966041565
003909.jpg	D:\O.D.I.L\data\image\sampled_400_images-20260108T160047Z-1-001\sampled_400_images\003909.jpg	6	raw	116	tm-e6nmw8m2	cinquième trompette de l'Apocalypse : sauterelles à tête humaine	cinquième trompette de l'Apocalypse : sauterelles à tête humaine	sujet -> Bible -> Nouveau Testament -> Apocalypse -> sonneries des sept trompettes -> cinquième trompette de l'Apocalypse : sauterelles à tête humaine	0.21579128503799438
003909.jpg	D:\O.D.I.L\data\image\sampled_400_images-20260108T160047Z-1-001\sampled_400_images\003909.jpg	6	template	116	tm-e6nmw8m2	cinquième trompette de l'Apocalypse : sauterelles à tête humaine	a religious painting of cinquième trompette de l'Apocalypse : sauterelles à tête humaine	sujet -> Bible -> Nouveau Testament -> Apocalypse -> sonneries des sept trompettes -> cinquième trompette de l'Apocalypse : sauterelles à tête humaine	0.30569976568222046
004060.jpg	D:\O.D.I.L\data\image\sampled_400_images-20260108T160047Z-1-001\sampled_400_images\004060.jpg	6	path	119	tm-zxmvxnnw	Joab tuant Absalom	a religious painting of Joab tuant Absalom, a David (sujets) in sujet	sujet -> Bible -> Ancien Testament -> les Rois -> David (sujets) -> Joab tuant Absalom	0.28570517897605896
004060.jpg	D:\O.D.I.L\data\image\sampled_400_images-20260108T160047Z-1-001\sampled_400_images\004060.jpg	6	raw	119	tm-zxmvxnnw	Joab tuant Absalom	Joab tuant Absalom	sujet -> Bible -> Ancien Testament -> les Rois -> David (sujets) -> Joab tuant Absalom	0.21856172382831573
004060.jpg	D:\O.D.I.L\data\image\sampled_400_images-20260108T160047Z-1-001\sampled_400_images\004060.jpg	6	template	119	tm-zxmvxnnw	Joab tuant Absalom	a religious painting of Joab tuant Absalom	sujet -> Bible -> Ancien Testament -> les Rois -> David (sujets) -> Joab tuant Absalom	0.2610270082950592
004326.jpg	D:\O.D.I.L\data\image\sampled_400_images-20260108T160047Z-1-001\sampled_400_images\004326.jpg	6	path	126	tm-aslmkhsp	arrestation du christ	a religious painting of arrestation du christ, a passion in sujet	sujet -> Bible -> Nouveau Testament -> vie du Christ -> passion -> arrestation du christ	0.21785898506641388
004326.jpg	D:\O.D.I.L\data\image\sampled_400_images-20260108T160047Z-1-001\sampled_400_images\004326.jpg	6	raw	126	tm-aslmkhsp	arrestation du christ	arrestation du christ	sujet -> Bible -> Nouveau Testament -> vie du Christ -> passion -> arrestation du christ	0.2327031046152115
004326.jpg	D:\O.D.I.L\data\image\sampled_400_images-20260108T160047Z-1-001\sampled_400_images\004326.jpg	6	template	126	tm-aslmkhsp	arrestation du christ	a religious painting of arrestation du christ	sujet -> Bible -> Nouveau Testament -> vie du Christ -> passion -> arrestation du christ	0.19784772396087646
004436.jpg	D:\O.D.I.L\data\image\sampled_400_images-20260108T160047Z-1-001\sampled_400_images\004436.jpg	6	path	129	tm-jbk9lrul	adoration des mages	a religious painting of adoration des mages, a enfance in sujet	sujet -> Bible -> Nouveau Testament -> vie du Christ -> enfance -> adoration des mages	0.2821761965751648
004436.jpg	D:\O.D.I.L\data\image\sampled_400_images-20260108T160047Z-1-001\sampled_400_images\004436.jpg	6	raw	129	tm-jbk9lrul	adoration des mages	adoration des mages	sujet -> Bible -> Nouveau Testament -> vie du Christ -> enfance -> adoration des mages	0.2998654246330261
004436.jpg	D:\O.D.I.L\data\image\sampled_400_images-20260108T160047Z-1-001\sampled_400_images\004436.jpg	6	template	129	tm-jbk9lrul	adoration des mages	a religious painting of adoration des mages	sujet -> Bible -> Nouveau Testament -> vie du Christ -> enfance -> adoration des mages	0.2876726984977722
004461.jpg	D:\O.D.I.L\data\image\sampled_400_images-20260108T160047Z-1-001\sampled_400_images\004461.jpg	6	path	130	tm-4xxwfoco	incrédulité de saint Thomas	a religious painting of incrédulité de saint Thomas, a résurrection (sujets) in sujet	sujet -> Bible -> Nouveau Testament -> vie du Christ -> résurrection (sujets) -> incrédulité de saint Thomas	0.2681543231010437
004461.jpg	D:\O.D.I.L\data\image\sampled_400_images-20260108T160047Z-1-001\sampled_400_images\004461.jpg	6	raw	130	tm-4xxwfoco	incrédulité de saint Thomas	incrédulité de saint Thomas	sujet -> Bible -> Nouveau Testament -> vie du Christ -> résurrection (sujets) -> incrédulité de saint Thomas	0.21720217168331146
004461.jpg	D:\O.D.I.L\data\image\sampled_400_images-20260108T160047Z-1-001\sampled_400_images\004461.jpg	6	template	130	tm-4xxwfoco	incrédulité de saint Thomas	a religious painting of incrédulité de saint Thomas	sujet -> Bible -> Nouveau Testament -> vie du Christ -> résurrection (sujets) -> incrédulité de saint Thomas	0.25524184107780457
004565.jpg	D:\O.D.I.L\data\image\sampled_400_images-20260108T160047Z-1-001\sampled_400_images\004565.jpg	6	path	133	tm-sw7yity5	création d'adam	a religious painting of création d'adam, a Création (sujets) in sujet	sujet -> Bible -> Ancien Testament -> Genèse -> Création (sujets) -> création d'adam	0.2777200937271118
004565.jpg	D:\O.D.I.L\data\image\sampled_400_images-20260108T160047Z-1-001\sampled_400_images\004565.jpg	6	raw	133	tm-intsras3	création d'Ève	création d'Ève	sujet -> Bible -> Ancien Testament -> Genèse -> Création (sujets) -> création d'Ève	0.19427454471588135
004565.jpg	D:\O.D.I.L\data\image\sampled_400_images-20260108T160047Z-1-001\sampled_400_images\004565.jpg	6	template	133	tm-intsras3	création d'Ève	a religious painting of création d'Ève	sujet -> Bible -> Ancien Testament -> Genèse -> Création (sujets) -> création d'Ève	0.2686069905757904
004665.jpg	D:\O.D.I.L\data\image\sampled_400_images-20260108T160047Z-1-001\sampled_400_images\004665.jpg	6	path	136	tm-frszntoo	Pentecôte	a religious painting of Pentecôte, a résurrection (sujets) in sujet	sujet -> Bible -> Nouveau Testament -> vie du Christ -> résurrection (sujets) -> Pentecôte	0.30372971296310425
004665.jpg	D:\O.D.I.L\data\image\sampled_400_images-20260108T160047Z-1-001\sampled_400_images\004665.jpg	6	raw	136	tm-frszntoo	Pentecôte	Pentecôte	sujet -> Bible -> Nouveau Testament -> vie du Christ -> résurrection (sujets) -> Pentecôte	0.16053780913352966
004665.jpg	D:\O.D.I.L\data\image\sampled_400_images-20260108T160047Z-1-001\sampled_400_images\004665.jpg	6	template	136	tm-frszntoo	Pentecôte	a religious painting of Pentecôte	sujet -> Bible -> Nouveau Testament -> vie du Christ -> résurrection (sujets) -> Pentecôte	0.29580825567245483
004994.jpg	D:\O.D.I.L\data\image\sampled_400_images-20260108T160047Z-1-001\sampled_400_images\004994.jpg	6	path	144	tm-2r5rz84v	Samson massacrant les Philistins	a religious painting of Samson massacrant les Philistins, a Samson (sujets) in sujet	sujet -> Bible -> Ancien Testament -> les Juges -> Samson (sujets) -> Samson massacrant les Philistins	0.2647808790206909
004994.jpg	D:\O.D.I.L\data\image\sampled_400_images-20260108T160047Z-1-001\sampled_400_images\004994.jpg	6	raw	144	tm-2r5rz84v	Samson massacrant les Philistins	Samson massacrant les Philistins	sujet -> Bible -> Ancien Testament -> les Juges -> Samson (sujets) -> Samson massacrant les Philistins	0.267167329788208
004994.jpg	D:\O.D.I.L\data\image\sampled_400_images-20260108T160047Z-1-001\sampled_400_images\004994.jpg	6	template	144	tm-2r5rz84v	Samson massacrant les Philistins	a religious painting of Samson massacrant les Philistins	sujet -> Bible -> Ancien Testament -> les Juges -> Samson (sujets) -> Samson massacrant les Philistins	0.251395583152771
005019.jpg	D:\O.D.I.L\data\image\sampled_400_images-20260108T160047Z-1-001\sampled_400_images\005019.jpg	6	path	145	tm-ovvtgfbh	Samson triomphant du lion	a religious painting of Samson triomphant du lion, a Samson (sujets) in sujet	sujet -> Bible -> Ancien Testament -> les Juges -> Samson (sujets) -> Samson triomphant du lion	0.2855144739151001
005019.jpg	D:\O.D.I.L\data\image\sampled_400_images-20260108T160047Z-1-001\sampled_400_images\005019.jpg	6	raw	145	tm-ovvtgfbh	Samson triomphant du lion	Samson triomphant du lion	sujet -> Bible -> Ancien Testament -> les Juges -> Samson (sujets) -> Samson triomphant du lion	0.2658461332321167
005019.jpg	D:\O.D.I.L\data\image\sampled_400_images-20260108T160047Z-1-001\sampled_400_images\005019.jpg	6	template	145	tm-ovvtgfbh	Samson triomphant du lion	a religious painting of Samson triomphant du lion	sujet -> Bible -> Ancien Testament -> les Juges -> Samson (sujets) -> Samson triomphant du lion	0.2709302604198456
005537.jpg	D:\O.D.I.L\data\image\sampled_400_images-20260108T160047Z-1-001\sampled_400_images\005537.jpg	6	path	157	tm-gjmmi6am	Christ dépouillé de ses vêtements	a religious painting of Christ dépouillé de ses vêtements, a passion in sujet	sujet -> Bible -> Nouveau Testament -> vie du Christ -> passion -> Christ dépouillé de ses vêtements	0.2900276184082031
005537.jpg	D:\O.D.I.L\data\image\sampled_400_images-20260108T160047Z-1-001\sampled_400_images\005537.jpg	6	raw	157	tm-gjmmi6am	Christ dépouillé de ses vêtements	Christ dépouillé de ses vêtements	sujet -> Bible -> Nouveau Testament -> vie du Christ -> passion -> Christ dépouillé de ses vêtements	0.25635334849357605
005537.jpg	D:\O.D.I.L\data\image\sampled_400_images-20260108T160047Z-1-001\sampled_400_images\005537.jpg	6	template	157	tm-gjmmi6am	Christ dépouillé de ses vêtements	a religious painting of Christ dépouillé de ses vêtements	sujet -> Bible -> Nouveau Testament -> vie du Christ -> passion -> Christ dépouillé de ses vêtements	0.2725720703601837
005960.jpg	D:\O.D.I.L\data\image\sampled_400_images-20260108T160047Z-1-001\sampled_400_images\005960.jpg	6	path	170	tm-c57opdwj	résurrection du Christ	a religious painting of résurrection du Christ, a résurrection (sujets) in sujet	sujet -> Bible -> Nouveau Testament -> vie du Christ -> résurrection (sujets) -> résurrection du Christ	0.21322709321975708
005960.jpg	D:\O.D.I.L\data\image\sampled_400_images-20260108T160047Z-1-001\sampled_400_images\005960.jpg	6	raw	170	tm-c57opdwj	résurrection du Christ	résurrection du Christ	sujet -> Bible -> Nouveau Testament -> vie du Christ -> résurrection (sujets) -> résurrection du Christ	0.19044041633605957
005960.jpg	D:\O.D.I.L\data\image\sampled_400_images-20260108T160047Z-1-001\sampled_400_images\005960.jpg	6	template	170	tm-c57opdwj	résurrection du Christ	a religious painting of résurrection du Christ	sujet -> Bible -> Nouveau Testament -> vie du Christ -> résurrection (sujets) -> résurrection du Christ	0.20376601815223694
006116.jpg	D:\O.D.I.L\data\image\sampled_400_images-20260108T160047Z-1-001\sampled_400_images\006116.jpg	6	path	176	tm-a82fhexi	entrée du Christ à Jérusalem	a religious painting of entrée du Christ à Jérusalem, a passion in sujet	sujet -> Bible -> Nouveau Testament -> vie du Christ -> passion -> entrée du Christ à Jérusalem	0.2372078001499176
006116.jpg	D:\O.D.I.L\data\image\sampled_400_images-20260108T160047Z-1-001\sampled_400_images\006116.jpg	6	raw	176	tm-a82fhexi	entrée du Christ à Jérusalem	entrée du Christ à Jérusalem	sujet -> Bible -> Nouveau Testament -> vie du Christ -> passion -> entrée du Christ à Jérusalem	0.16143640875816345
006116.jpg	D:\O.D.I.L\data\image\sampled_400_images-20260108T160047Z-1-001\sampled_400_images\006116.jpg	6	template	176	tm-a82fhexi	entrée du Christ à Jérusalem	a religious painting of entrée du Christ à Jérusalem	sujet -> Bible -> Nouveau Testament -> vie du Christ -> passion -> entrée du Christ à Jérusalem	0.2334635853767395
006277.jpg	D:\O.D.I.L\data\image\sampled_400_images-20260108T160047Z-1-001\sampled_400_images\006277.jpg	6	path	181	tm-zn8ypys2	crucifiement du Christ	a religious painting of crucifiement du Christ, a passion in sujet	sujet -> Bible -> Nouveau Testament -> vie du Christ -> passion -> crucifiement du Christ	0.22930842638015747
006277.jpg	D:\O.D.I.L\data\image\sampled_400_images-20260108T160047Z-1-001\sampled_400_images\006277.jpg	6	raw	181	tm-zn8ypys2	crucifiement du Christ	crucifiement du Christ	sujet -> Bible -> Nouveau Testament -> vie du Christ -> passion -> crucifiement du Christ	0.2636197805404663
006277.jpg	D:\O.D.I.L\data\image\sampled_400_images-20260108T160047Z-1-001\sampled_400_images\006277.jpg	6	template	181	tm-zn8ypys2	crucifiement du Christ	a religious painting of crucifiement du Christ	sujet -> Bible -> Nouveau Testament -> vie du Christ -> passion -> crucifiement du Christ	0.2251550853252411
006480.jpg	D:\O.D.I.L\data\image\sampled_400_images-20260108T160047Z-1-001\sampled_400_images\006480.jpg	6	path	189	tm-pknvkipc	Adam et Ève chassés du Paradis terrestre	a religious painting of Adam et Ève chassés du Paradis terrestre, a Adam et Ève in sujet	sujet -> Bible -> Ancien Testament -> Genèse -> Adam et Ève -> Adam et Ève chassés du Paradis terrestre	0.27877742052078247
006480.jpg	D:\O.D.I.L\data\image\sampled_400_images-20260108T160047Z-1-001\sampled_400_images\006480.jpg	6	raw	189	tm-pknvkipc	Adam et Ève chassés du Paradis terrestre	Adam et Ève chassés du Paradis terrestre	sujet -> Bible -> Ancien Testament -> Genèse -> Adam et Ève -> Adam et Ève chassés du Paradis terrestre	0.2009410709142685
006480.jpg	D:\O.D.I.L\data\image\sampled_400_images-20260108T160047Z-1-001\sampled_400_images\006480.jpg	6	template	189	tm-pknvkipc	Adam et Ève chassés du Paradis terrestre	a religious painting of Adam et Ève chassés du Paradis terrestre	sujet -> Bible -> Ancien Testament -> Genèse -> Adam et Ève -> Adam et Ève chassés du Paradis terrestre	0.2671509385108948
006505.jpg	D:\O.D.I.L\data\image\sampled_400_images-20260108T160047Z-1-001\sampled_400_images\006505.jpg	6	path	190	tm-cwvsgqgm	dérision du Christ	a religious painting of dérision du Christ, a passion in sujet	sujet -> Bible -> Nouveau Testament -> vie du Christ -> passion -> dérision du Christ	0.23839505016803741
006505.jpg	D:\O.D.I.L\data\image\sampled_400_images-20260108T160047Z-1-001\sampled_400_images\006505.jpg	6	raw	190	tm-cwvsgqgm	dérision du Christ	dérision du Christ	sujet -> Bible -> Nouveau Testament -> vie du Christ -> passion -> dérision du Christ	0.2228483408689499
006505.jpg	D:\O.D.I.L\data\image\sampled_400_images-20260108T160047Z-1-001\sampled_400_images\006505.jpg	6	template	190	tm-cwvsgqgm	dérision du Christ	a religious painting of dérision du Christ	sujet -> Bible -> Nouveau Testament -> vie du Christ -> passion -> dérision du Christ	0.22921445965766907
006677.jpg	D:\O.D.I.L\data\image\sampled_400_images-20260108T160047Z-1-001\sampled_400_images\006677.jpg	6	path	195	tm-5xjmovwd	Vierge à l'enfant	a religious painting of Vierge à l'enfant, a Vierge et Vierge a l'enfant in sujet	sujet -> Bible -> Nouveau Testament -> vie de la Vierge -> Vierge et Vierge a l'enfant -> Vierge à l'enfant	0.29911094903945923
006677.jpg	D:\O.D.I.L\data\image\sampled_400_images-20260108T160047Z-1-001\sampled_400_images\006677.jpg	6	raw	195	tm-5xjmovwd	Vierge à l'enfant	Vierge à l'enfant	sujet -> Bible -> Nouveau Testament -> vie de la Vierge -> Vierge et Vierge a l'enfant -> Vierge à l'enfant	0.2541796565055847
006677.jpg	D:\O.D.I.L\data\image\sampled_400_images-20260108T160047Z-1-001\sampled_400_images\006677.jpg	6	template	195	tm-5xjmovwd	Vierge à l'enfant	a religious painting of Vierge à l'enfant	sujet -> Bible -> Nouveau Testament -> vie de la Vierge -> Vierge et Vierge a l'enfant -> Vierge à l'enfant	0.29348915815353394
006736.jpg	D:\O.D.I.L\data\image\sampled_400_images-20260108T160047Z-1-001\sampled_400_images\006736.jpg	6	path	197	tm-gkq8yjcq	ange de Smyrne	a religious painting of ange de Smyrne, a messages aux sept Églises d'Asie in sujet	sujet -> Bible -> Nouveau Testament -> Apocalypse -> messages aux sept Églises d'Asie -> ange de Smyrne	0.30625155568122864
006736.jpg	D:\O.D.I.L\data\image\sampled_400_images-20260108T160047Z-1-001\sampled_400_images\006736.jpg	6	raw	197	tm-gkq8yjcq	ange de Smyrne	ange de Smyrne	sujet -> Bible -> Nouveau Testament -> Apocalypse -> messages aux sept Églises d'Asie -> ange de Smyrne	0.22220082581043243
006736.jpg	D:\O.D.I.L\data\image\sampled_400_images-20260108T160047Z-1-001\sampled_400_images\006736.jpg	6	template	197	tm-gkq8yjcq	ange de Smyrne	a religious painting of ange de Smyrne	sujet -> Bible -> Nouveau Testament -> Apocalypse -> messages aux sept Églises d'Asie -> ange de Smyrne	0.27094829082489014
006766.jpg	D:\O.D.I.L\data\image\sampled_400_images-20260108T160047Z-1-001\sampled_400_images\006766.jpg	6	path	198	tm-e6nmw8m2	cinquième trompette de l'Apocalypse : sauterelles à tête humaine	a religious painting of cinquième trompette de l'Apocalypse : sauterelles à tête humaine, a sonneries des sept trompettes in sujet	sujet -> Bible -> Nouveau Testament -> Apocalypse -> sonneries des sept trompettes -> cinquième trompette de l'Apocalypse : sauterelles à tête humaine	0.30793991684913635
006766.jpg	D:\O.D.I.L\data\image\sampled_400_images-20260108T160047Z-1-001\sampled_400_images\006766.jpg	6	raw	198	tm-e6nmw8m2	cinquième trompette de l'Apocalypse : sauterelles à tête humaine	cinquième trompette de l'Apocalypse : sauterelles à tête humaine	sujet -> Bible -> Nouveau Testament -> Apocalypse -> sonneries des sept trompettes -> cinquième trompette de l'Apocalypse : sauterelles à tête humaine	0.20185346901416779
006766.jpg	D:\O.D.I.L\data\image\sampled_400_images-20260108T160047Z-1-001\sampled_400_images\006766.jpg	6	template	198	tm-e6nmw8m2	cinquième trompette de l'Apocalypse : sauterelles à tête humaine	a religious painting of cinquième trompette de l'Apocalypse : sauterelles à tête humaine	sujet -> Bible -> Nouveau Testament -> Apocalypse -> sonneries des sept trompettes -> cinquième trompette de l'Apocalypse : sauterelles à tête humaine	0.29654890298843384
006798.jpg	D:\O.D.I.L\data\image\sampled_400_images-20260108T160047Z-1-001\sampled_400_images\006798.jpg	6	path	199	tm-3tmpspdf	ange jetant une meule dans la mer	a religious painting of ange jetant une meule dans la mer, a prostituée et destruction de Babylone in sujet	sujet -> Bible -> Nouveau Testament -> Apocalypse -> prostituée et destruction de Babylone -> ange jetant une meule dans la mer	0.2423088550567627
006798.jpg	D:\O.D.I.L\data\image\sampled_400_images-20260108T160047Z-1-001\sampled_400_images\006798.jpg	6	raw	199	tm-3tmpspdf	ange jetant une meule dans la mer	ange jetant une meule dans la mer	sujet -> Bible -> Nouveau Testament -> Apocalypse -> prostituée et destruction de Babylone -> ange jetant une meule dans la mer	0.14688625931739807
006798.jpg	D:\O.D.I.L\data\image\sampled_400_images-20260108T160047Z-1-001\sampled_400_images\006798.jpg	6	template	199	tm-3tmpspdf	ange jetant une meule dans la mer	a religious painting of ange jetant une meule dans la mer	sujet -> Bible -> Nouveau Testament -> Apocalypse -> prostituée et destruction de Babylone -> ange jetant une meule dans la mer	0.2523283064365387
006982.jpg	D:\O.D.I.L\data\image\sampled_400_images-20260108T160047Z-1-001\sampled_400_images\006982.jpg	6	path	206	tm-5xjmovwd	Vierge à l'enfant	a religious painting of Vierge à l'enfant, a Vierge et Vierge a l'enfant in sujet	sujet -> Bible -> Nouveau Testament -> vie de la Vierge -> Vierge et Vierge a l'enfant -> Vierge à l'enfant	0.2595674395561218
006982.jpg	D:\O.D.I.L\data\image\sampled_400_images-20260108T160047Z-1-001\sampled_400_images\006982.jpg	6	raw	206	tm-5xjmovwd	Vierge à l'enfant	Vierge à l'enfant	sujet -> Bible -> Nouveau Testament -> vie de la Vierge -> Vierge et Vierge a l'enfant -> Vierge à l'enfant	0.21487754583358765
006982.jpg	D:\O.D.I.L\data\image\sampled_400_images-20260108T160047Z-1-001\sampled_400_images\006982.jpg	6	template	206	tm-5xjmovwd	Vierge à l'enfant	a religious painting of Vierge à l'enfant	sujet -> Bible -> Nouveau Testament -> vie de la Vierge -> Vierge et Vierge a l'enfant -> Vierge à l'enfant	0.2562195658683777
007048.jpg	D:\O.D.I.L\data\image\sampled_400_images-20260108T160047Z-1-001\sampled_400_images\007048.jpg	6	path	207	tm-b72fb3ce	naissance de Samson	a religious painting of naissance de Samson, a Samson (sujets) in sujet	sujet -> Bible -> Ancien Testament -> les Juges -> Samson (sujets) -> naissance de Samson	0.23201322555541992
007048.jpg	D:\O.D.I.L\data\image\sampled_400_images-20260108T160047Z-1-001\sampled_400_images\007048.jpg	6	raw	207	tm-b72fb3ce	naissance de Samson	naissance de Samson	sujet -> Bible -> Ancien Testament -> les Juges -> Samson (sujets) -> naissance de Samson	0.19884875416755676
007048.jpg	D:\O.D.I.L\data\image\sampled_400_images-20260108T160047Z-1-001\sampled_400_images\007048.jpg	6	template	207	tm-b72fb3ce	naissance de Samson	a religious painting of naissance de Samson	sujet -> Bible -> Ancien Testament -> les Juges -> Samson (sujets) -> naissance de Samson	0.23474828898906708
007073.jpg	D:\O.D.I.L\data\image\sampled_400_images-20260108T160047Z-1-001\sampled_400_images\007073.jpg	6	path	208	tm-jfduzhgg	Joseph jeté dans le puits par ses frères	a religious painting of Joseph jeté dans le puits par ses frères, a Joseph (sujets) in sujet	sujet -> Bible -> Ancien Testament -> patriarches et Joseph -> Joseph (sujets) -> Joseph jeté dans le puits par ses frères	0.22697418928146362
007073.jpg	D:\O.D.I.L\data\image\sampled_400_images-20260108T160047Z-1-001\sampled_400_images\007073.jpg	6	raw	208	tm-jfduzhgg	Joseph jeté dans le puits par ses frères	Joseph jeté dans le puits par ses frères	sujet -> Bible -> Ancien Testament -> patriarches et Joseph -> Joseph (sujets) -> Joseph jeté dans le puits par ses frères	0.19366727769374847
007073.jpg	D:\O.D.I.L\data\image\sampled_400_images-20260108T160047Z-1-001\sampled_400_images\007073.jpg	6	template	208	tm-jfduzhgg	Joseph jeté dans le puits par ses frères	a religious painting of Joseph jeté dans le puits par ses frères	sujet -> Bible -> Ancien Testament -> patriarches et Joseph -> Joseph (sujets) -> Joseph jeté dans le puits par ses frères	0.21509835124015808
007348.jpg	D:\O.D.I.L\data\image\sampled_400_images-20260108T160047Z-1-001\sampled_400_images\007348.jpg	6	path	215	tm-gbupbhko	Jacob conduisant ses fils en Égypte	a religious painting of Jacob conduisant ses fils en Égypte, a Joseph (sujets) in sujet	sujet -> Bible -> Ancien Testament -> patriarches et Joseph -> Joseph (sujets) -> Jacob conduisant ses fils en Égypte	0.2402006834745407
007348.jpg	D:\O.D.I.L\data\image\sampled_400_images-20260108T160047Z-1-001\sampled_400_images\007348.jpg	6	raw	215	tm-gbupbhko	Jacob conduisant ses fils en Égypte	Jacob conduisant ses fils en Égypte	sujet -> Bible -> Ancien Testament -> patriarches et Joseph -> Joseph (sujets) -> Jacob conduisant ses fils en Égypte	0.18261030316352844
007348.jpg	D:\O.D.I.L\data\image\sampled_400_images-20260108T160047Z-1-001\sampled_400_images\007348.jpg	6	template	215	tm-gbupbhko	Jacob conduisant ses fils en Égypte	a religious painting of Jacob conduisant ses fils en Égypte	sujet -> Bible -> Ancien Testament -> patriarches et Joseph -> Joseph (sujets) -> Jacob conduisant ses fils en Égypte	0.21484237909317017
007459.jpg	D:\O.D.I.L\data\image\sampled_400_images-20260108T160047Z-1-001\sampled_400_images\007459.jpg	6	path	218	tm-b629qdzx	tentation du Christ	a religious painting of tentation du Christ, a vie publique in sujet	sujet -> Bible -> Nouveau Testament -> vie du Christ -> vie publique -> tentation du Christ	0.2714657485485077
007459.jpg	D:\O.D.I.L\data\image\sampled_400_images-20260108T160047Z-1-001\sampled_400_images\007459.jpg	6	raw	218	tm-b629qdzx	tentation du Christ	tentation du Christ	sujet -> Bible -> Nouveau Testament -> vie du Christ -> vie publique -> tentation du Christ	0.22602370381355286
007459.jpg	D:\O.D.I.L\data\image\sampled_400_images-20260108T160047Z-1-001\sampled_400_images\007459.jpg	6	template	218	tm-b629qdzx	tentation du Christ	a religious painting of tentation du Christ	sujet -> Bible -> Nouveau Testament -> vie du Christ -> vie publique -> tentation du Christ	0.26729142665863037
007484.jpg	D:\O.D.I.L\data\image\sampled_400_images-20260108T160047Z-1-001\sampled_400_images\007484.jpg	6	path	219	tm-intsras3	création d'Ève	a religious painting of création d'Ève, a Création (sujets) in sujet	sujet -> Bible -> Ancien Testament -> Genèse -> Création (sujets) -> création d'Ève	0.2873607873916626
007484.jpg	D:\O.D.I.L\data\image\sampled_400_images-20260108T160047Z-1-001\sampled_400_images\007484.jpg	6	raw	219	tm-intsras3	création d'Ève	création d'Ève	sujet -> Bible -> Ancien Testament -> Genèse -> Création (sujets) -> création d'Ève	0.18622756004333496
007484.jpg	D:\O.D.I.L\data\image\sampled_400_images-20260108T160047Z-1-001\sampled_400_images\007484.jpg	6	template	219	tm-intsras3	création d'Ève	a religious painting of création d'Ève	sujet -> Bible -> Ancien Testament -> Genèse -> Création (sujets) -> création d'Ève	0.2942616939544678
008186.jpg	D:\O.D.I.L\data\image\sampled_400_images-20260108T160047Z-1-001\sampled_400_images\008186.jpg	6	path	236	tm-jobbhqmd	meurtre d'Abel	a religious painting of meurtre d'Abel, a Abel et Caïn in sujet	sujet -> Bible -> Ancien Testament -> Genèse -> Abel et Caïn -> meurtre d'Abel	0.2250111699104309
008186.jpg	D:\O.D.I.L\data\image\sampled_400_images-20260108T160047Z-1-001\sampled_400_images\008186.jpg	6	raw	236	tm-jobbhqmd	meurtre d'Abel	meurtre d'Abel	sujet -> Bible -> Ancien Testament -> Genèse -> Abel et Caïn -> meurtre d'Abel	0.17261087894439697
008186.jpg	D:\O.D.I.L\data\image\sampled_400_images-20260108T160047Z-1-001\sampled_400_images\008186.jpg	6	template	236	tm-jobbhqmd	meurtre d'Abel	a religious painting of meurtre d'Abel	sujet -> Bible -> Ancien Testament -> Genèse -> Abel et Caïn -> meurtre d'Abel	0.220502108335495
008234.jpg	D:\O.D.I.L\data\image\sampled_400_images-20260108T160047Z-1-001\sampled_400_images\008234.jpg	6	path	238	tm-slwzjw97	Dalila coupant les cheveux de Samson	a religious painting of Dalila coupant les cheveux de Samson, a Samson (sujets) in sujet	sujet -> Bible -> Ancien Testament -> les Juges -> Samson (sujets) -> Dalila coupant les cheveux de Samson	0.26960378885269165
008234.jpg	D:\O.D.I.L\data\image\sampled_400_images-20260108T160047Z-1-001\sampled_400_images\008234.jpg	6	raw	238	tm-slwzjw97	Dalila coupant les cheveux de Samson	Dalila coupant les cheveux de Samson	sujet -> Bible -> Ancien Testament -> les Juges -> Samson (sujets) -> Dalila coupant les cheveux de Samson	0.16332633793354034
008234.jpg	D:\O.D.I.L\data\image\sampled_400_images-20260108T160047Z-1-001\sampled_400_images\008234.jpg	6	template	238	tm-slwzjw97	Dalila coupant les cheveux de Samson	a religious painting of Dalila coupant les cheveux de Samson	sujet -> Bible -> Ancien Testament -> les Juges -> Samson (sujets) -> Dalila coupant les cheveux de Samson	0.26465901732444763
008461.jpg	D:\O.D.I.L\data\image\sampled_400_images-20260108T160047Z-1-001\sampled_400_images\008461.jpg	6	path	247	tm-5xjmovwd	Vierge à l'enfant	a religious painting of Vierge à l'enfant, a Vierge et Vierge a l'enfant in sujet	sujet -> Bible -> Nouveau Testament -> vie de la Vierge -> Vierge et Vierge a l'enfant -> Vierge à l'enfant	0.2814042568206787
008461.jpg	D:\O.D.I.L\data\image\sampled_400_images-20260108T160047Z-1-001\sampled_400_images\008461.jpg	6	raw	247	tm-5xjmovwd	Vierge à l'enfant	Vierge à l'enfant	sujet -> Bible -> Nouveau Testament -> vie de la Vierge -> Vierge et Vierge a l'enfant -> Vierge à l'enfant	0.23952525854110718
008461.jpg	D:\O.D.I.L\data\image\sampled_400_images-20260108T160047Z-1-001\sampled_400_images\008461.jpg	6	template	247	tm-5xjmovwd	Vierge à l'enfant	a religious painting of Vierge à l'enfant	sujet -> Bible -> Nouveau Testament -> vie de la Vierge -> Vierge et Vierge a l'enfant -> Vierge à l'enfant	0.26116520166397095
009210.jpg	D:\O.D.I.L\data\image\sampled_400_images-20260108T160047Z-1-001\sampled_400_images\009210.jpg	6	path	261	tm-ke5amtsz	nativité du Christ	a religious painting of nativité du Christ, a enfance in sujet	sujet -> Bible -> Nouveau Testament -> vie du Christ -> enfance -> nativité du Christ	0.2894969582557678
009210.jpg	D:\O.D.I.L\data\image\sampled_400_images-20260108T160047Z-1-001\sampled_400_images\009210.jpg	6	raw	261	tm-ke5amtsz	nativité du Christ	nativité du Christ	sujet -> Bible -> Nouveau Testament -> vie du Christ -> enfance -> nativité du Christ	0.28001636266708374
009210.jpg	D:\O.D.I.L\data\image\sampled_400_images-20260108T160047Z-1-001\sampled_400_images\009210.jpg	6	template	261	tm-ke5amtsz	nativité du Christ	a religious painting of nativité du Christ	sujet -> Bible -> Nouveau Testament -> vie du Christ -> enfance -> nativité du Christ	0.2704053223133087
009301.jpg	D:\O.D.I.L\data\image\sampled_400_images-20260108T160047Z-1-001\sampled_400_images\009301.jpg	6	path	263	tm-k23knluu	David musicien apaisant Saül	a religious painting of David musicien apaisant Saül, a David (sujets) in sujet	sujet -> Bible -> Ancien Testament -> les Rois -> David (sujets) -> David musicien apaisant Saül	0.3062911629676819
009301.jpg	D:\O.D.I.L\data\image\sampled_400_images-20260108T160047Z-1-001\sampled_400_images\009301.jpg	6	raw	263	tm-k23knluu	David musicien apaisant Saül	David musicien apaisant Saül	sujet -> Bible -> Ancien Testament -> les Rois -> David (sujets) -> David musicien apaisant Saül	0.22881215810775757
009301.jpg	D:\O.D.I.L\data\image\sampled_400_images-20260108T160047Z-1-001\sampled_400_images\009301.jpg	6	template	263	tm-k23knluu	David musicien apaisant Saül	a religious painting of David musicien apaisant Saül	sujet -> Bible -> Ancien Testament -> les Rois -> David (sujets) -> David musicien apaisant Saül	0.2733408212661743
009474.jpg	D:\O.D.I.L\data\image\sampled_400_images-20260108T160047Z-1-001\sampled_400_images\009474.jpg	6	path	267	tm-fepd7eeg	naissance d'Isaac	a religious painting of naissance d'Isaac, a Abraham (sujets) in sujet	sujet -> Bible -> Ancien Testament -> patriarches et Joseph -> Abraham (sujets) -> naissance d'Isaac	0.31094634532928467
009474.jpg	D:\O.D.I.L\data\image\sampled_400_images-20260108T160047Z-1-001\sampled_400_images\009474.jpg	6	raw	267	tm-fepd7eeg	naissance d'Isaac	naissance d'Isaac	sujet -> Bible -> Ancien Testament -> patriarches et Joseph -> Abraham (sujets) -> naissance d'Isaac	0.2740975022315979
009474.jpg	D:\O.D.I.L\data\image\sampled_400_images-20260108T160047Z-1-001\sampled_400_images\009474.jpg	6	template	267	tm-fepd7eeg	naissance d'Isaac	a religious painting of naissance d'Isaac	sujet -> Bible -> Ancien Testament -> patriarches et Joseph -> Abraham (sujets) -> naissance d'Isaac	0.296536386013031
009723.jpg	D:\O.D.I.L\data\image\sampled_400_images-20260108T160047Z-1-001\sampled_400_images\009723.jpg	6	path	277	tm-p9txxxfz	songe de Nabuchodonosor	a religious painting of songe de Nabuchodonosor, a Daniel (sujets) in sujet	sujet -> Bible -> Ancien Testament -> les Prophètes -> Daniel (sujets) -> songe de Nabuchodonosor	0.3136371970176697
009723.jpg	D:\O.D.I.L\data\image\sampled_400_images-20260108T160047Z-1-001\sampled_400_images\009723.jpg	6	raw	277	tm-p9txxxfz	songe de Nabuchodonosor	songe de Nabuchodonosor	sujet -> Bible -> Ancien Testament -> les Prophètes -> Daniel (sujets) -> songe de Nabuchodonosor	0.21662618219852448
009723.jpg	D:\O.D.I.L\data\image\sampled_400_images-20260108T160047Z-1-001\sampled_400_images\009723.jpg	6	template	277	tm-p9txxxfz	songe de Nabuchodonosor	a religious painting of songe de Nabuchodonosor	sujet -> Bible -> Ancien Testament -> les Prophètes -> Daniel (sujets) -> songe de Nabuchodonosor	0.2981516718864441
009823.jpg	D:\O.D.I.L\data\image\sampled_400_images-20260108T160047Z-1-001\sampled_400_images\009823.jpg	6	path	281	tm-p6h57oz4	saint Pierre tranchant l'oreille de Malchus	a religious painting of saint Pierre tranchant l'oreille de Malchus, a passion in sujet	sujet -> Bible -> Nouveau Testament -> vie du Christ -> passion -> saint Pierre tranchant l'oreille de Malchus	0.2581309676170349
009823.jpg	D:\O.D.I.L\data\image\sampled_400_images-20260108T160047Z-1-001\sampled_400_images\009823.jpg	6	raw	281	tm-p6h57oz4	saint Pierre tranchant l'oreille de Malchus	saint Pierre tranchant l'oreille de Malchus	sujet -> Bible -> Nouveau Testament -> vie du Christ -> passion -> saint Pierre tranchant l'oreille de Malchus	0.2584491968154907
009823.jpg	D:\O.D.I.L\data\image\sampled_400_images-20260108T160047Z-1-001\sampled_400_images\009823.jpg	6	template	281	tm-p6h57oz4	saint Pierre tranchant l'oreille de Malchus	a religious painting of saint Pierre tranchant l'oreille de Malchus	sujet -> Bible -> Nouveau Testament -> vie du Christ -> passion -> saint Pierre tranchant l'oreille de Malchus	0.2513648271560669
010181.jpg	D:\O.D.I.L\data\image\sampled_400_images-20260108T160047Z-1-001\sampled_400_images\010181.jpg	6	path	291	tm-tuzvzh69	ascension du Christ	a religious painting of ascension du Christ, a résurrection (sujets) in sujet	sujet -> Bible -> Nouveau Testament -> vie du Christ -> résurrection (sujets) -> ascension du Christ	0.34093284606933594
010181.jpg	D:\O.D.I.L\data\image\sampled_400_images-20260108T160047Z-1-001\sampled_400_images\010181.jpg	6	raw	291	tm-tuzvzh69	ascension du Christ	ascension du Christ	sujet -> Bible -> Nouveau Testament -> vie du Christ -> résurrection (sujets) -> ascension du Christ	0.3245881199836731
010181.jpg	D:\O.D.I.L\data\image\sampled_400_images-20260108T160047Z-1-001\sampled_400_images\010181.jpg	6	template	291	tm-tuzvzh69	ascension du Christ	a religious painting of ascension du Christ	sujet -> Bible -> Nouveau Testament -> vie du Christ -> résurrection (sujets) -> ascension du Christ	0.32746973633766174
010621.jpg	D:\O.D.I.L\data\image\sampled_400_images-20260108T160047Z-1-001\sampled_400_images\010621.jpg	6	path	303	tm-l8d4jyi2	mise au tombeau du Christ	a religious painting of mise au tombeau du Christ, a passion in sujet	sujet -> Bible -> Nouveau Testament -> vie du Christ -> passion -> mise au tombeau du Christ	0.27739718556404114
010621.jpg	D:\O.D.I.L\data\image\sampled_400_images-20260108T160047Z-1-001\sampled_400_images\010621.jpg	6	raw	303	tm-l8d4jyi2	mise au tombeau du Christ	mise au tombeau du Christ	sujet -> Bible -> Nouveau Testament -> vie du Christ -> passion -> mise au tombeau du Christ	0.2738743722438812
010621.jpg	D:\O.D.I.L\data\image\sampled_400_images-20260108T160047Z-1-001\sampled_400_images\010621.jpg	6	template	303	tm-l8d4jyi2	mise au tombeau du Christ	a religious painting of mise au tombeau du Christ	sujet -> Bible -> Nouveau Testament -> vie du Christ -> passion -> mise au tombeau du Christ	0.2723410129547119
012855.jpg	D:\O.D.I.L\data\image\sampled_400_images-20260108T160047Z-1-001\sampled_400_images\012855.jpg	6	path	327	tm-d9fpbefh	baptême du Christ	a religious painting of baptême du Christ, a vie publique in sujet	sujet -> Bible -> Nouveau Testament -> vie du Christ -> vie publique -> baptême du Christ	0.28238236904144287
012855.jpg	D:\O.D.I.L\data\image\sampled_400_images-20260108T160047Z-1-001\sampled_400_images\012855.jpg	6	raw	327	tm-d9fpbefh	baptême du Christ	baptême du Christ	sujet -> Bible -> Nouveau Testament -> vie du Christ -> vie publique -> baptême du Christ	0.2681153118610382
012855.jpg	D:\O.D.I.L\data\image\sampled_400_images-20260108T160047Z-1-001\sampled_400_images\012855.jpg	6	template	327	tm-d9fpbefh	baptême du Christ	a religious painting of baptême du Christ	sujet -> Bible -> Nouveau Testament -> vie du Christ -> vie publique -> baptême du Christ	0.2924444079399109
012936.jpg	D:\O.D.I.L\data\image\sampled_400_images-20260108T160047Z-1-001\sampled_400_images\012936.jpg	6	path	329	tm-rpag5yt7	présentation du Christ au temple	a religious painting of présentation du Christ au temple, a enfance in sujet	sujet -> Bible -> Nouveau Testament -> vie du Christ -> enfance -> présentation du Christ au temple	0.2829245924949646
012936.jpg	D:\O.D.I.L\data\image\sampled_400_images-20260108T160047Z-1-001\sampled_400_images\012936.jpg	6	raw	329	tm-rpag5yt7	présentation du Christ au temple	présentation du Christ au temple	sujet -> Bible -> Nouveau Testament -> vie du Christ -> enfance -> présentation du Christ au temple	0.24342837929725647
012936.jpg	D:\O.D.I.L\data\image\sampled_400_images-20260108T160047Z-1-001\sampled_400_images\012936.jpg	6	template	329	tm-rpag5yt7	présentation du Christ au temple	a religious painting of présentation du Christ au temple	sujet -> Bible -> Nouveau Testament -> vie du Christ -> enfance -> présentation du Christ au temple	0.2785584330558777
013473.jpg	D:\O.D.I.L\data\image\sampled_400_images-20260108T160047Z-1-001\sampled_400_images\013473.jpg	6	path	344	tm-a9yk99nk	Joseph et ses frères	a religious painting of Joseph et ses frères, a Joseph (sujets) in sujet	sujet -> Bible -> Ancien Testament -> patriarches et Joseph -> Joseph (sujets) -> Joseph et ses frères	0.29497647285461426
013473.jpg	D:\O.D.I.L\data\image\sampled_400_images-20260108T160047Z-1-001\sampled_400_images\013473.jpg	6	raw	344	tm-jfduzhgg	Joseph jeté dans le puits par ses frères	Joseph jeté dans le puits par ses frères	sujet -> Bible -> Ancien Testament -> patriarches et Joseph -> Joseph (sujets) -> Joseph jeté dans le puits par ses frères	0.24053168296813965
013473.jpg	D:\O.D.I.L\data\image\sampled_400_images-20260108T160047Z-1-001\sampled_400_images\013473.jpg	6	template	344	tm-a9yk99nk	Joseph et ses frères	a religious painting of Joseph et ses frères	sujet -> Bible -> Ancien Testament -> patriarches et Joseph -> Joseph (sujets) -> Joseph et ses frères	0.2812458872795105
014003.jpg	D:\O.D.I.L\data\image\sampled_400_images-20260108T160047Z-1-001\sampled_400_images\014003.jpg	6	path	349	tm-gjmmi6am	Christ dépouillé de ses vêtements	a religious painting of Christ dépouillé de ses vêtements, a passion in sujet	sujet -> Bible -> Nouveau Testament -> vie du Christ -> passion -> Christ dépouillé de ses vêtements	0.2700842618942261
014003.jpg	D:\O.D.I.L\data\image\sampled_400_images-20260108T160047Z-1-001\sampled_400_images\014003.jpg	6	raw	349	tm-fyww27ay	Christ portant la croix	Christ portant la croix	sujet -> Bible -> Nouveau Testament -> vie du Christ -> passion -> Christ portant la croix	0.2686891555786133
014003.jpg	D:\O.D.I.L\data\image\sampled_400_images-20260108T160047Z-1-001\sampled_400_images\014003.jpg	6	template	349	tm-gjmmi6am	Christ dépouillé de ses vêtements	a religious painting of Christ dépouillé de ses vêtements	sujet -> Bible -> Nouveau Testament -> vie du Christ -> passion -> Christ dépouillé de ses vêtements	0.2708442211151123
014476.jpg	D:\O.D.I.L\data\image\sampled_400_images-20260108T160047Z-1-001\sampled_400_images\014476.jpg	6	path	356	tm-zn8ypys2	crucifiement du Christ	a religious painting of crucifiement du Christ, a passion in sujet	sujet -> Bible -> Nouveau Testament -> vie du Christ -> passion -> crucifiement du Christ	0.22776088118553162
014476.jpg	D:\O.D.I.L\data\image\sampled_400_images-20260108T160047Z-1-001\sampled_400_images\014476.jpg	6	raw	356	tm-zn8ypys2	crucifiement du Christ	crucifiement du Christ	sujet -> Bible -> Nouveau Testament -> vie du Christ -> passion -> crucifiement du Christ	0.24475261569023132
014476.jpg	D:\O.D.I.L\data\image\sampled_400_images-20260108T160047Z-1-001\sampled_400_images\014476.jpg	6	template	356	tm-zn8ypys2	crucifiement du Christ	a religious painting of crucifiement du Christ	sujet -> Bible -> Nouveau Testament -> vie du Christ -> passion -> crucifiement du Christ	0.20984816551208496
015376.jpg	D:\O.D.I.L\data\image\sampled_400_images-20260108T160047Z-1-001\sampled_400_images\015376.jpg	6	path	376	tm-labqwtqc	Cène	a religious painting of Cène, a passion in sujet	sujet -> Bible -> Nouveau Testament -> vie du Christ -> passion -> Cène	0.290894091129303
015376.jpg	D:\O.D.I.L\data\image\sampled_400_images-20260108T160047Z-1-001\sampled_400_images\015376.jpg	6	raw	376	tm-labqwtqc	Cène	Cène	sujet -> Bible -> Nouveau Testament -> vie du Christ -> passion -> Cène	0.2113230973482132
015376.jpg	D:\O.D.I.L\data\image\sampled_400_images-20260108T160047Z-1-001\sampled_400_images\015376.jpg	6	template	376	tm-labqwtqc	Cène	a religious painting of Cène	sujet -> Bible -> Nouveau Testament -> vie du Christ -> passion -> Cène	0.291451632976532
015627.jpg	D:\O.D.I.L\data\image\sampled_400_images-20260108T160047Z-1-001\sampled_400_images\015627.jpg	6	path	381	tm-intsras3	création d'Ève	a religious painting of création d'Ève, a Création (sujets) in sujet	sujet -> Bible -> Ancien Testament -> Genèse -> Création (sujets) -> création d'Ève	0.30701977014541626
015627.jpg	D:\O.D.I.L\data\image\sampled_400_images-20260108T160047Z-1-001\sampled_400_images\015627.jpg	6	raw	381	tm-intsras3	création d'Ève	création d'Ève	sujet -> Bible -> Ancien Testament -> Genèse -> Création (sujets) -> création d'Ève	0.2003682553768158
015627.jpg	D:\O.D.I.L\data\image\sampled_400_images-20260108T160047Z-1-001\sampled_400_images\015627.jpg	6	template	381	tm-intsras3	création d'Ève	a religious painting of création d'Ève	sujet -> Bible -> Ancien Testament -> Genèse -> Création (sujets) -> création d'Ève	0.30822643637657166
015650.jpg	D:\O.D.I.L\data\image\sampled_400_images-20260108T160047Z-1-001\sampled_400_images\015650.jpg	6	path	382	tm-d9fpbefh	baptême du Christ	a religious painting of baptême du Christ, a vie publique in sujet	sujet -> Bible -> Nouveau Testament -> vie du Christ -> vie publique -> baptême du Christ	0.24836836755275726
015650.jpg	D:\O.D.I.L\data\image\sampled_400_images-20260108T160047Z-1-001\sampled_400_images\015650.jpg	6	raw	382	tm-d9fpbefh	baptême du Christ	baptême du Christ	sujet -> Bible -> Nouveau Testament -> vie du Christ -> vie publique -> baptême du Christ	0.22138711810112
015650.jpg	D:\O.D.I.L\data\image\sampled_400_images-20260108T160047Z-1-001\sampled_400_images\015650.jpg	6	template	382	tm-d9fpbefh	baptême du Christ	a religious painting of baptême du Christ	sujet -> Bible -> Nouveau Testament -> vie du Christ -> vie publique -> baptême du Christ	0.24948781728744507
015676.jpg	D:\O.D.I.L\data\image\sampled_400_images-20260108T160047Z-1-001\sampled_400_images\015676.jpg	6	path	383	tm-axlasatl	funérailles d'Abner	a religious painting of funérailles d'Abner, a David (sujets) in sujet	sujet -> Bible -> Ancien Testament -> les Rois -> David (sujets) -> funérailles d'Abner	0.2612960934638977
015676.jpg	D:\O.D.I.L\data\image\sampled_400_images-20260108T160047Z-1-001\sampled_400_images\015676.jpg	6	raw	383	tm-l8d4jyi2	mise au tombeau du Christ	mise au tombeau du Christ	sujet -> Bible -> Nouveau Testament -> vie du Christ -> passion -> mise au tombeau du Christ	0.2515595257282257
015676.jpg	D:\O.D.I.L\data\image\sampled_400_images-20260108T160047Z-1-001\sampled_400_images\015676.jpg	6	template	383	tm-l8d4jyi2	mise au tombeau du Christ	a religious painting of mise au tombeau du Christ	sujet -> Bible -> Nouveau Testament -> vie du Christ -> passion -> mise au tombeau du Christ	0.24501383304595947
015827.jpg	D:\O.D.I.L\data\image\sampled_400_images-20260108T160047Z-1-001\sampled_400_images\015827.jpg	6	path	388	tm-rpsuvksn	ange donnant un livre à saint Jean	a religious painting of ange donnant un livre à saint Jean, a devoration du livre et mesure du temple in sujet	sujet -> Bible -> Nouveau Testament -> Apocalypse -> devoration du livre et mesure du temple -> ange donnant un livre à saint Jean	0.2546130418777466
015827.jpg	D:\O.D.I.L\data\image\sampled_400_images-20260108T160047Z-1-001\sampled_400_images\015827.jpg	6	raw	388	tm-rpsuvksn	ange donnant un livre à saint Jean	ange donnant un livre à saint Jean	sujet -> Bible -> Nouveau Testament -> Apocalypse -> devoration du livre et mesure du temple -> ange donnant un livre à saint Jean	0.1815134733915329
015827.jpg	D:\O.D.I.L\data\image\sampled_400_images-20260108T160047Z-1-001\sampled_400_images\015827.jpg	6	template	388	tm-rpsuvksn	ange donnant un livre à saint Jean	a religious painting of ange donnant un livre à saint Jean	sujet -> Bible -> Nouveau Testament -> Apocalypse -> devoration du livre et mesure du temple -> ange donnant un livre à saint Jean	0.22700151801109314
016300h.jpg	D:\O.D.I.L\data\image\sampled_400_images-20260108T160047Z-1-001\sampled_400_images\016300h.jpg	6	path	397	tm-pufnyopg	hospitalité d'Abraham	a religious painting of hospitalité d'Abraham, a Abraham (sujets) in sujet	sujet -> Bible -> Ancien Testament -> patriarches et Joseph -> Abraham (sujets) -> hospitalité d'Abraham	0.2853515148162842
016300h.jpg	D:\O.D.I.L\data\image\sampled_400_images-20260108T160047Z-1-001\sampled_400_images\016300h.jpg	6	raw	397	tm-pufnyopg	hospitalité d'Abraham	hospitalité d'Abraham	sujet -> Bible -> Ancien Testament -> patriarches et Joseph -> Abraham (sujets) -> hospitalité d'Abraham	0.17526085674762726
016300h.jpg	D:\O.D.I.L\data\image\sampled_400_images-20260108T160047Z-1-001\sampled_400_images\016300h.jpg	6	template	397	tm-pufnyopg	hospitalité d'Abraham	a religious painting of hospitalité d'Abraham	sujet -> Bible -> Ancien Testament -> patriarches et Joseph -> Abraham (sujets) -> hospitalité d'Abraham	0.24875527620315552
